Individual	Facility	Locus1_AT	Locus2_CG
FN01	North	AA	CC
FN02	North	AA	CC
FN03	North	AA	CC
FN04	North	TT	GG
FN05	North	AT	CG
FN06	North	AT	CG
FN07	North	TT	CG
FN08	North	AA	CC
FN09	North	AA	CC
FN10	North	TT	CG
FN11	North	AA	CG
FN12	North	AT	GG
FN13	North	AT	CC
FN14	North	AA	CG
FN15	North	AA	CC
FN16	North	TT	GG
FN17	North	TT	GG
FN18	North	AT	CG
FN19	North	AA	CC
FN20	North	AT	CC
FN21	North	AA	CG
FN22	North	TT	CG
FN23	North	TT	GG
FN24	North	AT	GG
FN25	North	AA	CG
FN26	North	AA	CC
FN27	North	TT	GG
FN28	North	TT	CG
FN29	North	AA	CC
FN30	North	AA	CC
FN31	North	TT	GG
FN32	North	AT	CG
FN33	North	AA	CC
FN34	North	AA	CC
FN35	North	AA	CC
FN36	North	AA	CC
FN37	North	AA	CC
FN38	North	AA	CC
FN39	North	AA	CC
FN40	North	AA	CC
FS01	South	AT	CG
FS02	South	AT	CG
FS03	South	AT	CC
FS04	South	AA	CC
FS05	South	TT	CG
FS06	South	AT	CC
FS07	South	AT	GG
FS08	South	AT	CC
FS09	South	AT	CG
FS10	South	TT	CC
FS11	South	TT	CC
FS12	South	AT	CC
FS13	South	TT	GG
FS14	South	AA	CG
FS15	South	AT	CG
FS16	South	AA	CG
FS17	South	AT	GG
FS18	South	AT	CG
FS19	South	TT	CG
FS20	South	TT	CG
FS21	South	AA	CC
FS22	South	TT	GG
FS23	South	TT	GG
FS24	South	AA	GG
FS25	South	AT	CG
FS26	South	AT	CC
FS27	South	AT	CG
FS28	South	AT	CG
FS29	South	AT	GG
FS30	South	AT	CC
FS31	South	AT	CG
FS32	South	AA	CG
FS33	South	AT	CG
FS34	South	AA	GG
FS35	South	TT	CG
FS36	South	AT	GG
FS37	South	AA	CG
FS38	South	AT	CG
FS39	South	TT	GG
FS40	South	AT	CG
